2013-10-23 11:10:13,R666,Mote1,505975,BATT-R,248.00,raw,,-58,81
2013-10-23 11:10:14,R667,Mote1,506000,BATT-V,8.80,volts,,-59,81
2013-10-23 11:10:14,R668,Mote1,506064,LUX-FLT,1931.00,lux,,-58,81
2013-10-23 11:10:14,R669,Mote1,506105,LUX-FLT-Broad,331.00,rawb,,-58,81
2013-10-23 11:10:14,R2389,Proto,455321,Dallas,22.88,C,,-57,99
2013-10-23 11:10:14,R2389,Proto,455321,Dallas,22.88,C,,-57,99
2013-10-23 11:10:14,R2390,Proto,455407,BATT-R,135.00,raw,,-57,99
2013-10-23 11:10:14,R2391,Proto,455478,BATT-V,4.79,volts,,-56,99
2013-10-23 11:10:14,R2392,Proto,455529,DUM,3.14,na,,-57,99
2013-10-23 11:10:14,R2393,Proto,455647,LUX,99.00,lux,,-57,99
2013-10-23 11:10:14,R672,Mote1,506502,LUX-LOW-Broad,480.00,rawb,,-59,81
2013-10-23 11:10:14,R2394,Proto,455717,LUX-Broad,166.00,rawb,,-57,99
2013-10-23 11:10:14,R2396,Proto,455857,BMP-Temp,22.85,C,,-58,99
2013-10-23 11:10:14,R2396,Proto,455857,BMP-Temp,22.85,C,,-58,99
2013-10-23 11:10:14,R2397,Proto,456121,BMP-Pressure,100312.00,Pa,,-57,99
2013-10-23 11:10:14,R2397,Proto,456121,BMP-Pressure,100312.00,Pa,,-58,99
2013-10-23 11:10:15,R2398,Proto,456195,MDWIND,726.00,raw,,-58,99
2013-10-23 11:10:15,R674,Mote1,507525,Dallas,22.00,C,,-59,81
2013-10-23 11:10:15,R2399,Proto,457077,Dallas,22.94,C,,-58,99
2013-10-23 11:10:15,R2400,Proto,457133,BATT-R,134.00,raw,,-57,99
2013-10-23 11:10:16,R2400,Proto,457133,BATT-R,134.00,raw,,-57,99
2013-10-23 11:10:16,R2401,Proto,457203,BATT-V,4.75,volts,,-58,99
2013-10-23 11:10:16,R2402,Proto,457251,DUM,3.14,na,,-58,99
2013-10-23 11:10:16,R2403,Proto,457338,LUX,97.00,lux,,-57,99
2013-10-23 11:10:16,R2404,Proto,457378,LUX-Broad,167.00,rawb,,-57,99
2013-10-23 11:10:16,R2404,Proto,457378,LUX-Broad,167.00,rawb,,-58,99
2013-10-23 11:10:16,R2405,Proto,457451,LUX-Infra,46.00,rawi,,-58,99
2013-10-23 11:10:16,R2406,Proto,457529,BMP-Temp,22.85,C,,-58,99
2013-10-23 11:10:16,R2406,Proto,457529,BMP-Temp,22.85,C,,-58,99
2013-10-23 11:10:16,R2407,Proto,457634,BMP-Pressure,100310.00,Pa,,-57,99
2013-10-23 11:10:16,R2407,Proto,457634,BMP-Pressure,100310.00,Pa,,-57,99
2013-10-23 11:10:16,R2408,Proto,457709,MDWIND,739.00,raw,,-58,99
2013-10-23 11:10:17,R2409,Proto,458566,Dallas,22.94,C,,-57,99
2013-10-23 11:10:17,R2410,Proto,458645,BATT-R,135.00,raw,,-57,99
2013-10-23 11:10:17,R2411,Proto,458718,BATT-V,4.79,volts,,-57,99
2013-10-23 11:10:17,R2412,Proto,458742,DUM,3.14,na,,-56,99
2013-10-23 11:10:17,R2413,Proto,458806,LUX,98.00,lux,,-57,99
2013-10-23 11:10:17,R2414,Proto,458846,LUX-Broad,165.00,rawb,,-57,99
2013-10-23 11:10:17,R2414,Proto,458846,LUX-Broad,165.00,rawb,,-58,99
2013-10-23 11:10:17,R2415,Proto,458919,LUX-Infra,45.00,rawi,,-58,99
2013-10-23 11:10:17,R2416,Proto,458998,BMP-Temp,22.84,C,,-58,99
2013-10-23 11:10:17,R2416,Proto,458998,BMP-Temp,22.84,C,,-58,99
2013-10-23 11:10:17,R2417,Proto,459104,BMP-Pressure,100310.00,Pa,,-56,99
2013-10-23 11:10:17,R2418,Proto,459145,MDWIND,740.00,raw,,-55,99
2013-10-23 11:10:18,R2419,Proto,460035,Dallas,22.94,C,,-56,99
2013-10-23 11:10:18,R2419,Proto,460035,Dallas,22.94,C,,-54,99
2013-10-23 11:10:18,R2420,Proto,460108,BATT-R,134.00,raw,,-56,99
2013-10-23 11:10:18,R2421,Proto,460133,BATT-V,4.75,volts,,-54,99
2013-10-23 11:10:19,R2422,Proto,460180,DUM,3.14,na,,-54,99
2013-10-23 11:10:19,R2423,Proto,460243,LUX,99.00,lux,,-56,99
2013-10-23 11:10:19,R2424,Proto,460283,LUX-Broad,166.00,rawb,,-55,99
2013-10-23 11:10:19,R2424,Proto,460283,LUX-Broad,166.00,rawb,,-56,99
2013-10-23 11:10:19,R2424,Proto,460283,LUX-Broad,166.00,rawb,,-56,99
2013-10-23 11:10:19,R2425,Proto,460594,LUX-Infra,45.00,rawi,,-56,99
2013-10-23 11:10:19,R2426,Proto,460657,BMP-Temp,22.85,C,,-56,99
2013-10-23 11:10:19,R2426,Proto,460657,BMP-Temp,22.85,C,,-56,99
2013-10-23 11:10:19,R2427,Proto,460826,BMP-Pressure,100313.00,Pa,,-56,99
2013-10-23 11:10:19,R2427,Proto,460826,BMP-Pressure,100313.00,Pa,,-56,99
2013-10-23 11:10:19,R2427,Proto,460826,BMP-Pressure,100313.00,Pa,,-56,99
2013-10-23 11:10:19,R2428,Proto,460950,MDWIND,747.00,raw,,-54,99
2013-10-23 11:10:20,R2429,Proto,461807,Dallas,22.88,C,,-56,99
2013-10-23 11:10:20,R2429,Proto,461807,Dallas,22.88,C,,-56,99
2013-10-23 11:10:20,R2430,Proto,461884,BATT-R,137.00,raw,,-57,99
2013-10-23 11:10:20,R2431,Proto,461961,BATT-V,4.86,volts,,-58,99
2013-10-23 11:10:20,R2432,Proto,461985,DUM,3.14,na,,-56,99
2013-10-23 11:10:20,R2433,Proto,462049,LUX,97.00,lux,,-57,99
2013-10-23 11:10:20,R2434,Proto,462090,LUX-Broad,166.00,rawb,,-57,99
2013-10-23 11:10:20,R2434,Proto,462090,LUX-Broad,166.00,rawb,,-58,99
2013-10-23 11:10:21,R2435,Proto,462163,LUX-Infra,45.00,rawi,,-57,99
2013-10-23 11:10:21,R2436,Proto,462244,BMP-Temp,22.84,C,,-56,99
2013-10-23 11:10:21,R675,Mote1,512574,BATT-R,248.00,raw,,-59,81
2013-10-23 11:10:21,R2437,Proto,462303,BMP-Pressure,100307.00,Pa,,-56,99
2013-10-23 11:10:21,R676,Mote1,512635,BATT-V,8.80,volts,,-59,81
2013-10-23 11:10:21,R677,Mote1,512749,LUX-FLT,1931.00,lux,,-57,81
2013-10-23 11:10:21,R677,Mote1,512749,LUX-FLT,1931.00,lux,,-58,81
2013-10-23 11:10:21,R678,Mote1,512845,LUX-FLT-Broad,331.00,rawb,,-58,81
2013-10-23 11:10:21,R678,Mote1,512845,LUX-FLT-Broad,331.00,rawb,,-59,81
2013-10-23 11:10:21,R679,Mote1,512919,LUX-FLT-Infra,136.00,rawi,,-59,81
2013-10-23 11:10:21,R680,Mote1,513015,LUX-LOW,2789.00,lux,,-58,81
2013-10-23 11:10:21,R681,Mote1,513056,LUX-LOW-Broad,479.00,rawb,,-58,81
2013-10-23 11:10:21,R681,Mote1,513056,LUX-LOW-Broad,479.00,rawb,,-59,81
2013-10-23 11:10:21,R682,Mote1,513139,LUX-LOW-Infra,197.00,rawi,,-58,81
2013-10-23 11:10:21,R682,Mote1,513139,LUX-LOW-Infra,197.00,rawi,,-59,81
2013-10-23 11:10:21,R682,Mote1,513139,LUX-LOW-Infra,197.00,rawi,,-59,81
2013-10-23 11:10:22,R2439,Proto,463259,Dallas,22.94,C,,-56,99
2013-10-23 11:10:22,R2440,Proto,463323,BATT-R,134.00,raw,,-57,99
2013-10-23 11:10:22,R2441,Proto,463347,BATT-V,4.75,volts,,-56,99
2013-10-23 11:10:22,R2442,Proto,463394,DUM,3.14,na,,-56,99
2013-10-23 11:10:22,R2443,Proto,463457,LUX,99.00,lux,,-57,99
2013-10-23 11:10:22,R2444,Proto,463497,LUX-Broad,166.00,rawb,,-57,99
2013-10-23 11:10:22,R2444,Proto,463497,LUX-Broad,166.00,rawb,,-56,99
2013-10-23 11:10:22,R2445,Proto,463570,LUX-Infra,45.00,rawi,,-55,99
2013-10-23 11:10:22,R2446,Proto,463649,BMP-Temp,22.84,C,,-56,99
2013-10-23 11:10:22,R2447,Proto,463755,BMP-Pressure,100315.00,Pa,,-58,99
2013-10-23 11:10:22,R2447,Proto,463755,BMP-Pressure,100315.00,Pa,,-57,99
2013-10-23 11:10:22,R2448,Proto,463830,MDWIND,722.00,raw,,-56,99
2013-10-23 11:10:22,R683,Mote1,514205,Dallas,22.00,C,,-57,81
2013-10-23 11:10:23,R2449,Proto,464711,Dallas,22.88,C,,-56,99
2013-10-23 11:10:23,R2450,Proto,464780,BATT-R,134.00,raw,,-57,99
2013-10-23 11:10:23,R2450,Proto,464780,BATT-R,134.00,raw,,-56,99
2013-10-23 11:10:23,R2451,Proto,464852,BATT-V,4.75,volts,,-58,99
2013-10-23 11:10:23,R2452,Proto,464925,DUM,3.14,na,,-56,99
2013-10-23 11:10:23,R2452,Proto,464925,DUM,3.14,na,,-58,99
2013-10-23 11:10:23,R2453,Proto,465010,LUX,98.00,lux,,-57,99
2013-10-23 11:10:23,R2453,Proto,465010,LUX,98.00,lux,,-56,99
2013-10-23 11:10:23,R2454,Proto,465095,LUX-Broad,165.00,rawb,,-57,99
2013-10-23 11:10:23,R2454,Proto,465095,LUX-Broad,165.00,rawb,,-58,99
2013-10-23 11:10:24,R2455,Proto,465168,LUX-Infra,45.00,rawi,,-56,99
2013-10-23 11:10:24,R2456,Proto,465223,BMP-Temp,22.84,C,,-57,99
2013-10-23 11:10:24,R2457,Proto,465305,BMP-Pressure,100310.00,Pa,,-57,99
2013-10-23 11:10:24,R2457,Proto,465305,BMP-Pressure,100310.00,Pa,,-57,99
2013-10-23 11:10:24,R2458,Proto,465379,MDWIND,725.00,raw,,-56,99
2013-10-23 11:10:25,R2459,Proto,466238,Dallas,22.88,C,,-57,99
2013-10-23 11:10:25,R2460,Proto,466266,BATT-R,134.00,raw,,-57,99
2013-10-23 11:10:25,R2461,Proto,466290,BATT-V,4.75,volts,,-58,99
2013-10-23 11:10:25,R2462,Proto,466338,DUM,3.14,na,,-58,99
2013-10-23 11:10:25,R2463,Proto,466402,LUX,98.00,lux,,-57,99
2013-10-23 11:10:25,R2464,Proto,466442,LUX-Broad,165.00,rawb,,-57,99
2013-10-23 11:10:25,R2464,Proto,466442,LUX-Broad,165.00,rawb,,-58,99
2013-10-23 11:10:25,R2465,Proto,466516,LUX-Infra,45.00,rawi,,-56,99
2013-10-23 11:10:25,R2466,Proto,466595,BMP-Temp,22.84,C,,-57,99
2013-10-23 11:10:25,R2467,Proto,466654,BMP-Pressure,100312.00,Pa,,-57,99
2013-10-23 11:10:25,R2467,Proto,466654,BMP-Pressure,100312.00,Pa,,-56,99
2013-10-23 11:10:25,R2468,Proto,466727,MDWIND,726.00,raw,,-58,99
2013-10-23 11:10:26,R2469,Proto,467610,Dallas,22.88,C,,-56,99
2013-10-23 11:10:26,R2469,Proto,467610,Dallas,22.88,C,,-58,99
2013-10-23 11:10:26,R2470,Proto,467690,BATT-R,135.00,raw,,-57,99
2013-10-23 11:10:26,R2471,Proto,467737,BATT-V,4.79,volts,,-56,99
2013-10-23 11:10:26,R2472,Proto,467784,DUM,3.14,na,,-55,99
2013-10-23 11:10:26,R2473,Proto,467847,LUX,98.00,lux,,-57,99
2013-10-23 11:10:26,R2474,Proto,467886,LUX-Broad,165.00,rawb,,-57,99
2013-10-23 11:10:26,R2474,Proto,467886,LUX-Broad,165.00,rawb,,-56,99
2013-10-23 11:10:26,R2475,Proto,467959,LUX-Infra,45.00,rawi,,-56,99
2013-10-23 11:10:26,R2476,Proto,468039,BMP-Temp,22.84,C,,-56,99
2013-10-23 11:10:26,R2476,Proto,468039,BMP-Temp,22.84,C,,-56,99
2013-10-23 11:10:26,R2477,Proto,468145,BMP-Pressure,100309.00,Pa,,-57,99
2013-10-23 11:10:27,R2477,Proto,468145,BMP-Pressure,100309.00,Pa,,-56,99
2013-10-23 11:10:27,R2478,Proto,468217,MDWIND,731.00,raw,,-57,99
2013-10-23 11:10:27,R2479,Proto,469103,Dallas,22.88,C,,-56,99
2013-10-23 11:10:27,R2479,Proto,469103,Dallas,22.88,C,,-56,99
2013-10-23 11:10:28,R2480,Proto,469182,BATT-R,135.00,raw,,-57,99
2013-10-23 11:10:28,R2480,Proto,469182,BATT-R,135.00,raw,,-56,99
2013-10-23 11:10:28,R2481,Proto,469254,BATT-V,4.79,volts,,-56,99
2013-10-23 11:10:28,R2482,Proto,469325,DUM,3.14,na,,-56,99
2013-10-23 11:10:28,R2483,Proto,469364,LUX,98.00,lux,,-57,99
2013-10-23 11:10:28,R2483,Proto,469364,LUX,98.00,lux,,-56,99
2013-10-23 11:10:28,R2484,Proto,469451,LUX-Broad,166.00,rawb,,-57,99
2013-10-23 11:10:28,R684,Mote1,519249,BATT-R,248.00,raw,,-58,81
2013-10-23 11:10:28,R2484,Proto,469451,LUX-Broad,166.00,rawb,,-57,99
2013-10-23 11:10:28,R685,Mote1,519329,BATT-V,8.80,volts,,-58,81
2013-10-23 11:10:28,R686,Mote1,519406,LUX-FLT,1907.00,lux,,-60,81
2013-10-23 11:10:28,R687,Mote1,519555,LUX-FLT-Broad,328.00,rawb,,-57,81
2013-10-23 11:10:28,R2487,Proto,469781,BMP-Pressure,100315.00,Pa,,-58,99
2013-10-23 11:10:28,R2488,Proto,469907,MDWIND,728.00,raw,,-57,99
2013-10-23 11:10:28,R688,Mote1,519700,LUX-FLT-Infra,135.00,rawi,,-59,81
2013-10-23 11:10:28,R689,Mote1,519801,LUX-LOW,2734.00,lux,,-58,81
2013-10-23 11:10:28,R689,Mote1,519801,LUX-LOW,2734.00,lux,,-58,81
2013-10-23 11:10:28,R690,Mote1,519889,LUX-LOW-Broad,471.00,rawb,,-58,81
2013-10-23 11:10:28,R690,Mote1,519889,LUX-LOW-Broad,471.00,rawb,,-59,81
2013-10-23 11:10:29,R691,Mote1,519961,LUX-LOW-Infra,194.00,rawi,,-58,81
2013-10-23 11:10:29,R2489,Proto,470811,Dallas,22.88,C,,-55,99
2013-10-23 11:10:29,R2490,Proto,470893,BATT-R,134.00,raw,,-56,99
2013-10-23 11:10:29,R2491,Proto,470965,BATT-V,4.75,volts,,-57,99
2013-10-23 11:10:29,R2491,Proto,470965,BATT-V,4.75,volts,,-57,99
2013-10-23 11:10:29,R2492,Proto,471035,DUM,3.14,na,,-56,99
2013-10-23 11:10:29,R692,Mote1,520841,Dallas,22.00,C,,-57,81
2013-10-23 11:10:30,R2494,Proto,471237,LUX-Broad,164.00,rawb,,-56,99
2013-10-23 11:10:30,R2494,Proto,471237,LUX-Broad,164.00,rawb,,-56,99
2013-10-23 11:10:30,R2495,Proto,471311,LUX-Infra,45.00,rawi,,-57,99
2013-10-23 11:10:30,R2496,Proto,471389,BMP-Temp,22.85,C,,-57,99
2013-10-23 11:10:30,R2497,Proto,471448,BMP-Pressure,100315.00,Pa,,-56,99
2013-10-23 11:10:30,R2497,Proto,471448,BMP-Pressure,100315.00,Pa,,-56,99
2013-10-23 11:10:30,R2498,Proto,471521,MDWIND,738.00,raw,,-56,99
2013-10-23 11:10:31,R2499,Proto,472403,Dallas,22.88,C,,-57,99
2013-10-23 11:10:31,R2500,Proto,472430,BATT-R,134.00,raw,,-57,99
2013-10-23 11:10:31,R2501,Proto,472480,BATT-V,4.75,volts,,-58,99
2013-10-23 11:10:31,R2502,Proto,472528,DUM,3.14,na,,-58,99
2013-10-23 11:10:31,R2503,Proto,472592,LUX,99.00,lux,,-57,99
2013-10-23 11:10:31,R2504,Proto,472632,LUX-Broad,166.00,rawb,,-57,99
2013-10-23 11:10:31,R2504,Proto,472632,LUX-Broad,166.00,rawb,,-56,99
2013-10-23 11:10:31,R2505,Proto,472704,LUX-Infra,45.00,rawi,,-56,99
2013-10-23 11:10:31,R2506,Proto,472782,BMP-Temp,22.84,C,,-58,99
2013-10-23 11:10:31,R2507,Proto,472841,BMP-Pressure,100315.00,Pa,,-57,99
2013-10-23 11:10:31,R2507,Proto,472841,BMP-Pressure,100315.00,Pa,,-56,99
2013-10-23 11:10:31,R2508,Proto,472914,MDWIND,736.00,raw,,-56,99
2013-10-23 11:10:32,R2509,Proto,473796,Dallas,22.94,C,,-56,99
2013-10-23 11:10:32,R2510,Proto,473839,BATT-R,134.00,raw,,-57,99
2013-10-23 11:10:32,R2511,Proto,473914,BATT-V,4.75,volts,,-56,99
2013-10-23 11:10:32,R2512,Proto,473938,DUM,3.14,na,,-56,99
2013-10-23 11:10:32,R2513,Proto,474002,LUX,98.00,lux,,-57,99
2013-10-23 11:10:32,R2514,Proto,474042,LUX-Broad,166.00,rawb,,-57,99
2013-10-23 11:10:32,R2514,Proto,474042,LUX-Broad,166.00,rawb,,-56,99
2013-10-23 11:10:32,R2515,Proto,474114,LUX-Infra,45.00,rawi,,-56,99
2013-10-23 11:10:33,R2516,Proto,474192,BMP-Temp,22.85,C,,-56,99
2013-10-23 11:10:33,R2516,Proto,474192,BMP-Temp,22.85,C,,-56,99
2013-10-23 11:10:33,R2517,Proto,474297,BMP-Pressure,100320.00,Pa,,-57,99
2013-10-23 11:10:33,R2517,Proto,474297,BMP-Pressure,100320.00,Pa,,-56,99
2013-10-23 11:10:33,R2518,Proto,474540,MDWIND,740.00,raw,,-56,99
2013-10-23 11:10:34,R2519,Proto,475375,Dallas,22.88,C,,-56,99
2013-10-23 11:10:34,R2520,Proto,475403,BATT-R,135.00,raw,,-57,99
2013-10-23 11:10:34,R2521,Proto,475427,BATT-V,4.79,volts,,-55,99
2013-10-23 11:10:34,R2522,Proto,475475,DUM,3.14,na,,-55,99
2013-10-23 11:10:34,R2523,Proto,475539,LUX,98.00,lux,,-56,99
2013-10-23 11:10:34,R2523,Proto,475539,LUX,98.00,lux,,-57,99
2013-10-23 11:10:34,R2524,Proto,475772,LUX-Broad,164.00,rawb,,-57,99
2013-10-23 11:10:34,R2524,Proto,475772,LUX-Broad,164.00,rawb,,-56,99
2013-10-23 11:10:34,R2525,Proto,475845,LUX-Infra,44.00,rawi,,-56,99
2013-10-23 11:10:34,R2526,Proto,475922,BMP-Temp,22.83,C,,-57,99
2013-10-23 11:10:34,R2526,Proto,475922,BMP-Temp,22.83,C,,-56,99
2013-10-23 11:10:34,R2527,Proto,476028,BMP-Pressure,100320.00,Pa,,-57,99
2013-10-23 11:10:34,R2527,Proto,476028,BMP-Pressure,100320.00,Pa,,-55,99
2013-10-23 11:10:34,R2528,Proto,476101,MDWIND,739.00,raw,,-56,99
2013-10-23 11:10:34,R2528,Proto,476101,MDWIND,739.00,raw,,-57,99
2013-10-23 11:10:35,R693,Mote1,525965,BATT-R,248.00,raw,,-58,81
2013-10-23 11:10:35,R693,Mote1,525965,BATT-R,248.00,raw,,-59,81
2013-10-23 11:10:35,R693,Mote1,525965,BATT-R,248.00,raw,,-58,81
2013-10-23 11:10:35,R694,Mote1,526149,BATT-V,8.80,volts,,-59,81
2013-10-23 11:10:35,R695,Mote1,526228,LUX-FLT,1912.00,lux,,-58,81
2013-10-23 11:10:35,R2529,Proto,476988,Dallas,22.88,C,,-57,99
2013-10-23 11:10:35,R2530,Proto,477121,BATT-R,135.00,raw,,-57,99
2013-10-23 11:10:36,R2530,Proto,477121,BATT-R,135.00,raw,,-57,99
2013-10-23 11:10:36,R696,Mote1,526367,LUX-FLT-Broad,325.00,rawb,,-58,81
2013-10-23 11:10:36,R698,Mote1,526503,LUX-LOW,2710.00,lux,,-58,81
2013-10-23 11:10:36,R698,Mote1,526503,LUX-LOW,2710.00,lux,,-58,81
2013-10-23 11:10:36,R699,Mote1,526604,LUX-LOW-Broad,468.00,rawb,,-58,81
2013-10-23 11:10:36,R699,Mote1,526604,LUX-LOW-Broad,468.00,rawb,,-57,81
2013-10-23 11:10:36,R2534,Proto,477498,LUX-Broad,165.00,rawb,,-56,99
2013-10-23 11:10:36,R2535,Proto,477586,LUX-Infra,45.00,rawi,,-56,99
2013-10-23 11:10:36,R2535,Proto,477586,LUX-Infra,45.00,rawi,,-55,99
2013-10-23 11:10:36,R2536,Proto,477664,BMP-Temp,22.84,C,,-57,99
2013-10-23 11:10:36,R2536,Proto,477664,BMP-Temp,22.84,C,,-56,99
2013-10-23 11:10:36,R2537,Proto,477770,BMP-Pressure,100311.00,Pa,,-57,99
2013-10-23 11:10:36,R2537,Proto,477770,BMP-Pressure,100311.00,Pa,,-56,99
2013-10-23 11:10:36,R2538,Proto,477845,MDWIND,743.00,raw,,-56,99
2013-10-23 11:10:37,R701,Mote1,527536,Dallas,22.00,C,,-58,81
2013-10-23 11:10:37,R2539,Proto,478702,Dallas,22.88,C,,-57,99
2013-10-23 11:10:37,R2539,Proto,478702,Dallas,22.88,C,,-56,99
2013-10-23 11:10:37,R2540,Proto,478776,BATT-R,134.00,raw,,-57,99
2013-10-23 11:10:37,R2541,Proto,478850,BATT-V,4.75,volts,,-56,99
2013-10-23 11:10:37,R2542,Proto,478874,DUM,3.14,na,,-58,99
2013-10-23 11:10:37,R2543,Proto,478937,LUX,97.00,lux,,-56,99
2013-10-23 11:10:37,R2544,Proto,478977,LUX-Broad,164.00,rawb,,-57,99
2013-10-23 11:10:38,R2544,Proto,478977,LUX-Broad,164.00,rawb,,-58,99
2013-10-23 11:10:38,R2545,Proto,479353,LUX-Infra,45.00,rawi,,-57,99
2013-10-23 11:10:38,R2545,Proto,479353,LUX-Infra,45.00,rawi,,-59,99
2013-10-23 11:10:38,R2546,Proto,479432,BMP-Temp,22.83,C,,-57,99
2013-10-23 11:10:38,R2546,Proto,479432,BMP-Temp,22.83,C,,-56,99
2013-10-23 11:10:38,R2547,Proto,479537,BMP-Pressure,100313.00,Pa,,-57,99
2013-10-23 11:10:38,R2547,Proto,479537,BMP-Pressure,100313.00,Pa,,-58,99
2013-10-23 11:10:38,R2548,Proto,479612,MDWIND,750.00,raw,,-58,99
2013-10-23 11:10:39,R2549,Proto,480496,Dallas,22.88,C,,-56,99
2013-10-23 11:10:39,R2549,Proto,480496,Dallas,22.88,C,,-56,99
2013-10-23 11:10:39,R2550,Proto,480601,BATT-R,134.00,raw,,-57,99
2013-10-23 11:10:39,R2551,Proto,480675,BATT-V,4.75,volts,,-56,99
2013-10-23 11:10:39,R2551,Proto,480675,BATT-V,4.75,volts,,-56,99
2013-10-23 11:10:39,R2552,Proto,480747,DUM,3.14,na,,-57,99
2013-10-23 11:10:39,R2553,Proto,480833,LUX,98.00,lux,,-56,99
2013-10-23 11:10:39,R2553,Proto,480833,LUX,98.00,lux,,-57,99
2013-10-23 11:10:39,R2554,Proto,480936,LUX-Broad,164.00,rawb,,-57,99
2013-10-23 11:10:39,R2554,Proto,480936,LUX-Broad,164.00,rawb,,-57,99
2013-10-23 11:10:39,R2554,Proto,480936,LUX-Broad,164.00,rawb,,-56,99
2013-10-23 11:10:40,R2555,Proto,481189,LUX-Infra,44.00,rawi,,-94,99
2013-10-23 11:10:40,R2556,Proto,481267,BMP-Temp,22.83,C,,-57,99
2013-10-23 11:10:40,R2556,Proto,481267,BMP-Temp,22.83,C,,-56,99
2013-10-23 11:10:40,R2557,Proto,481374,BMP-Pressure,100310.00,Pa,,-56,99
2013-10-23 11:10:40,R2557,Proto,481374,BMP-Pressure,100310.00,Pa,,-56,99
2013-10-23 11:10:40,R2558,Proto,481449,MDWIND,735.00,raw,,-56,99
2013-10-23 11:10:41,R2559,Proto,482340,Dallas,22.88,C,,-56,99
2013-10-23 11:10:41,R2560,Proto,482367,BATT-R,135.00,raw,,-56,99
2013-10-23 11:10:41,R2560,Proto,482367,BATT-R,135.00,raw,,-56,99
2013-10-23 11:10:41,R2561,Proto,482668,BATT-V,4.79,volts,,-55,99
2013-10-23 11:10:41,R2562,Proto,482716,DUM,3.14,na,,-55,99
2013-10-23 11:10:41,R2563,Proto,482779,LUX,98.00,lux,,-57,99
2013-10-23 11:10:41,R2564,Proto,482819,LUX-Broad,165.00,rawb,,-56,99
2013-10-23 11:10:41,R2564,Proto,482819,LUX-Broad,165.00,rawb,,-57,99
2013-10-23 11:10:41,R2564,Proto,482819,LUX-Broad,165.00,rawb,,-56,99
2013-10-23 11:10:41,R2565,Proto,482921,LUX-Infra,45.00,rawi,,-55,99
2013-10-23 11:10:41,R2565,Proto,482921,LUX-Infra,45.00,rawi,,-56,99
2013-10-23 11:10:41,R2566,Proto,483076,BMP-Temp,22.83,C,,-56,99
2013-10-23 11:10:41,R2567,Proto,483135,BMP-Pressure,100308.00,Pa,,-56,99
2013-10-23 11:10:42,R2567,Proto,483135,BMP-Pressure,100308.00,Pa,,-56,99
2013-10-23 11:10:42,R2567,Proto,483135,BMP-Pressure,100308.00,Pa,,-56,99
2013-10-23 11:10:42,R2568,Proto,483354,MDWIND,719.00,raw,,-55,99
2013-10-23 11:10:42,R2568,Proto,483354,MDWIND,719.00,raw,,-56,99
2013-10-23 11:10:42,R702,Mote1,532556,BATT-R,248.00,raw,,-59,81
2013-10-23 11:10:42,R702,Mote1,532556,BATT-R,248.00,raw,,-60,81
2013-10-23 11:10:42,R703,Mote1,532629,BATT-V,8.80,volts,,-60,81
2013-10-23 11:10:42,R704,Mote1,532692,LUX-FLT,1887.00,lux,,-59,81
2013-10-23 11:10:42,R704,Mote1,532692,LUX-FLT,1887.00,lux,,-59,81
2013-10-23 11:10:42,R705,Mote1,532781,LUX-FLT-Broad,322.00,rawb,,-59,81
2013-10-23 11:10:42,R705,Mote1,532781,LUX-FLT-Broad,322.00,rawb,,-60,81
2013-10-23 11:10:43,R706,Mote1,532853,LUX-FLT-Infra,132.00,rawi,,-59,81
2013-10-23 11:10:43,R707,Mote1,532944,LUX-LOW,2697.00,lux,,-60,81
2013-10-23 11:10:43,R707,Mote1,532944,LUX-LOW,2697.00,lux,,-60,81
2013-10-23 11:10:43,R708,Mote1,533032,LUX-LOW-Broad,464.00,rawb,,-59,81
2013-10-23 11:10:43,R708,Mote1,533032,LUX-LOW-Broad,464.00,rawb,,-60,81
2013-10-23 11:10:43,R709,Mote1,533105,LUX-LOW-Infra,191.00,rawi,,-60,81
2013-10-23 11:10:43,R2569,Proto,484617,Dallas,22.88,C,,-57,99
2013-10-23 11:10:43,R2570,Proto,484680,BATT-R,135.00,raw,,-56,99
2013-10-23 11:10:43,R2570,Proto,484680,BATT-R,135.00,raw,,-57,99
2013-10-23 11:10:43,R2571,Proto,485095,BATT-V,4.79,volts,,-56,99
2013-10-23 11:10:44,R2571,Proto,485095,BATT-V,4.79,volts,,-56,99
2013-10-23 11:10:44,R2572,Proto,485271,DUM,3.14,na,,-55,99
2013-10-23 11:10:44,R710,Mote1,533986,Dallas,21.94,C,,-60,81
2013-10-23 11:10:44,R2573,Proto,485368,LUX,98.00,lux,,-56,99
2013-10-23 11:10:44,R2574,Proto,485464,LUX-Broad,164.00,rawb,,-57,99
2013-10-23 11:10:44,R2575,Proto,485536,LUX-Infra,44.00,rawi,,-57,99
2013-10-23 11:10:44,R2575,Proto,485536,LUX-Infra,44.00,rawi,,-56,99
2013-10-23 11:10:44,R2576,Proto,485615,BMP-Temp,22.83,C,,-57,99
2013-10-23 11:10:44,R2576,Proto,485615,BMP-Temp,22.83,C,,-56,99
2013-10-23 11:10:44,R2577,Proto,485720,BMP-Pressure,100308.00,Pa,,-56,99
2013-10-23 11:10:44,R2577,Proto,485720,BMP-Pressure,100308.00,Pa,,-56,99
2013-10-23 11:10:44,R2578,Proto,485793,MDWIND,675.00,raw,,-56,99
2013-10-23 11:10:45,R2579,Proto,486676,Dallas,22.88,C,,-56,99
2013-10-23 11:10:45,R2579,Proto,486676,Dallas,22.88,C,,-56,99
2013-10-23 11:10:45,R2580,Proto,486754,BATT-R,135.00,raw,,-56,99
2013-10-23 11:10:45,R2581,Proto,486803,BATT-V,4.79,volts,,-56,99
2013-10-23 11:10:45,R2582,Proto,486875,DUM,3.14,na,,-56,99
2013-10-23 11:10:45,R2583,Proto,486915,LUX,97.00,lux,,-57,99
2013-10-23 11:10:45,R2584,Proto,486956,LUX-Broad,163.00,rawb,,-57,99
2013-10-23 11:10:45,R2584,Proto,486956,LUX-Broad,163.00,rawb,,-56,99
2013-10-23 11:10:45,R2585,Proto,487027,LUX-Infra,44.00,rawi,,-56,99
2013-10-23 11:10:45,R2586,Proto,487107,BMP-Temp,22.83,C,,-56,99
2013-10-23 11:10:45,R2586,Proto,487107,BMP-Temp,22.83,C,,-56,99
2013-10-23 11:10:46,R2587,Proto,487213,BMP-Pressure,100315.00,Pa,,-57,99
2013-10-23 11:10:46,R2587,Proto,487213,BMP-Pressure,100315.00,Pa,,-58,99
2013-10-23 11:10:46,R2588,Proto,487285,MDWIND,682.00,raw,,-56,99
2013-10-23 11:10:47,R2589,Proto,488168,Dallas,22.88,C,,-57,99
2013-10-23 11:10:47,R2589,Proto,488168,Dallas,22.88,C,,-58,99
2013-10-23 11:10:47,R2590,Proto,488247,BATT-R,135.00,raw,,-57,99
2013-10-23 11:10:47,R2590,Proto,488247,BATT-R,135.00,raw,,-58,99
2013-10-23 11:10:47,R2591,Proto,488320,BATT-V,4.79,volts,,-57,99
2013-10-23 11:10:47,R2592,Proto,488392,DUM,3.14,na,,-56,99
2013-10-23 11:10:47,R2593,Proto,488431,LUX,97.00,lux,,-57,99
2013-10-23 11:10:47,R2594,Proto,488521,LUX-Broad,163.00,rawb,,-57,99
2013-10-23 11:10:47,R2594,Proto,488521,LUX-Broad,163.00,rawb,,-56,99
2013-10-23 11:10:47,R2595,Proto,488597,LUX-Infra,44.00,rawi,,-56,99
2013-10-23 11:10:47,R2596,Proto,488674,BMP-Temp,22.82,C,,-57,99
2013-10-23 11:10:47,R2597,Proto,488755,BMP-Pressure,100308.00,Pa,,-57,99
2013-10-23 11:10:47,R2597,Proto,488755,BMP-Pressure,100308.00,Pa,,-56,99
2013-10-23 11:10:47,R2598,Proto,488829,MDWIND,682.00,raw,,-58,99
2013-10-23 11:10:48,R2599,Proto,489712,Dallas,22.88,C,,-57,99
2013-10-23 11:10:48,R2599,Proto,489712,Dallas,22.88,C,,-58,99
2013-10-23 11:10:48,R2600,Proto,489790,BATT-R,135.00,raw,,-57,99
2013-10-23 11:10:48,R2601,Proto,489863,BATT-V,4.79,volts,,-58,99
2013-10-23 11:10:48,R2601,Proto,489863,BATT-V,4.79,volts,,-57,99
2013-10-23 11:10:48,R2602,Proto,489933,DUM,3.14,na,,-56,99
2013-10-23 11:10:48,R2603,Proto,490023,LUX,97.00,lux,,-56,99
2013-10-23 11:10:48,R2603,Proto,490023,LUX,97.00,lux,,-58,99
2013-10-23 11:10:48,R2604,Proto,490114,LUX-Broad,163.00,rawb,,-90,99
2013-10-23 11:10:48,R2604,Proto,490114,LUX-Broad,163.00,rawb,,-56,99
2013-10-23 11:10:49,R2605,Proto,490188,LUX-Infra,44.00,rawi,,-58,99
2013-10-23 11:10:49,R2606,Proto,490258,BMP-Temp,22.81,C,,-57,99
2013-10-23 11:10:49,R2607,Proto,490363,BMP-Pressure,100310.00,Pa,,-58,99
2013-10-23 11:10:49,R2607,Proto,490363,BMP-Pressure,100310.00,Pa,,-56,99
2013-10-23 11:10:49,R2608,Proto,490436,MDWIND,687.00,raw,,-57,99
2013-10-23 11:10:49,R711,Mote1,539090,BATT-R,248.00,raw,,-58,81
2013-10-23 11:10:49,R711,Mote1,539090,BATT-R,248.00,raw,,-59,81
2013-10-23 11:10:50,R712,Mote1,539363,BATT-V,8.80,volts,,-59,81
2013-10-23 11:10:50,R713,Mote1,539427,LUX-FLT,1845.00,lux,,-58,81
2013-10-23 11:10:50,R714,Mote1,539468,LUX-FLT-Broad,319.00,rawb,,-59,81
2013-10-23 11:10:50,R2609,Proto,491317,Dallas,22.88,C,,-57,99
2013-10-23 11:10:50,R715,Mote1,539575,LUX-FLT-Infra,131.00,rawi,,-58,81
2013-10-23 11:10:50,R715,Mote1,539575,LUX-FLT-Infra,131.00,rawi,,-57,81
2013-10-23 11:10:50,R2611,Proto,491502,BATT-V,4.79,volts,,-56,99
2013-10-23 11:10:50,R2612,Proto,491603,DUM,3.14,na,,-57,99
2013-10-23 11:10:50,R717,Mote1,539810,LUX-LOW-Broad,458.00,rawb,,-59,81
2013-10-23 11:10:50,R718,Mote1,539887,LUX-LOW-Infra,189.00,rawi,,-59,81
2013-10-23 11:10:50,R2614,Proto,491791,LUX-Broad,164.00,rawb,,-55,99
2013-10-23 11:10:50,R2615,Proto,491890,LUX-Infra,44.00,rawi,,-55,99
2013-10-23 11:10:50,R2615,Proto,491890,LUX-Infra,44.00,rawi,,-57,99
2013-10-23 11:10:50,R2616,Proto,491977,BMP-Temp,22.81,C,,-56,99
2013-10-23 11:10:50,R2616,Proto,491977,BMP-Temp,22.81,C,,-56,99
2013-10-23 11:10:50,R2617,Proto,492083,BMP-Pressure,100303.00,Pa,,-57,99
2013-10-23 11:10:50,R2617,Proto,492083,BMP-Pressure,100303.00,Pa,,-58,99
2013-10-23 11:10:51,R2618,Proto,492156,MDWIND,660.00,raw,,-56,99
2013-10-23 11:10:51,R719,Mote1,540864,Dallas,21.94,C,,-59,81
2013-10-23 11:10:51,R2619,Proto,493041,Dallas,22.88,C,,-56,99
2013-10-23 11:10:51,R2620,Proto,493096,BATT-R,134.00,raw,,-56,99
2013-10-23 11:10:52,R2621,Proto,493168,BATT-V,4.75,volts,,-56,99
2013-10-23 11:10:52,R2621,Proto,493168,BATT-V,4.75,volts,,-56,99
2013-10-23 11:10:52,R2622,Proto,493335,DUM,3.14,na,,-56,99
2013-10-23 11:10:52,R2623,Proto,493374,LUX,97.00,lux,,-56,99
2013-10-23 11:10:52,R2623,Proto,493374,LUX,97.00,lux,,-56,99
2013-10-23 11:10:52,R2624,Proto,493540,LUX-Broad,163.00,rawb,,-56,99
2013-10-23 11:10:52,R2624,Proto,493540,LUX-Broad,163.00,rawb,,-56,99
2013-10-23 11:10:52,R2625,Proto,493621,LUX-Infra,44.00,rawi,,-56,99
2013-10-23 11:10:52,R2625,Proto,493621,LUX-Infra,44.00,rawi,,-57,99
2013-10-23 11:10:52,R2626,Proto,493911,BMP-Temp,22.83,C,,-57,99
2013-10-23 11:10:52,R2627,Proto,494006,BMP-Pressure,100309.00,Pa,,-56,99
2013-10-23 11:10:53,R2627,Proto,494006,BMP-Pressure,100309.00,Pa,,-57,99
2013-10-23 11:10:53,R2628,Proto,494273,MDWIND,662.00,raw,,-55,99
2013-10-23 11:10:53,R2628,Proto,494273,MDWIND,662.00,raw,,-57,99
2013-10-23 11:10:53,R2628,Proto,494273,MDWIND,662.00,raw,,-57,99
2013-10-23 11:10:54,R2629,Proto,495276,Dallas,22.88,C,,-56,99
2013-10-23 11:10:54,R2630,Proto,495303,BATT-R,135.00,raw,,-57,99
2013-10-23 11:10:54,R2630,Proto,495303,BATT-R,135.00,raw,,-56,99
2013-10-23 11:10:54,R2631,Proto,495521,BATT-V,4.79,volts,,-57,99
2013-10-23 11:10:54,R2632,Proto,495568,DUM,3.14,na,,-56,99
2013-10-23 11:10:54,R2633,Proto,495632,LUX,98.00,lux,,-57,99
2013-10-23 11:10:54,R2634,Proto,495672,LUX-Broad,162.00,rawb,,-57,99
2013-10-23 11:10:54,R2634,Proto,495672,LUX-Broad,162.00,rawb,,-56,99
2013-10-23 11:10:54,R2635,Proto,495745,LUX-Infra,44.00,rawi,,-55,99
2013-10-23 11:10:54,R2636,Proto,495834,BMP-Temp,22.81,C,,-56,99
2013-10-23 11:10:54,R2636,Proto,495834,BMP-Temp,22.81,C,,-55,99
2013-10-23 11:10:54,R2637,Proto,495938,BMP-Pressure,100312.00,Pa,,-56,99
2013-10-23 11:10:54,R2637,Proto,495938,BMP-Pressure,100312.00,Pa,,-56,99
2013-10-23 11:10:54,R2638,Proto,496020,MDWIND,712.00,raw,,-56,99
2013-10-23 11:10:55,R2639,Proto,496877,Dallas,22.88,C,,-55,99
2013-10-23 11:10:55,R2639,Proto,496877,Dallas,22.88,C,,-55,99
2013-10-23 11:10:55,R2640,Proto,496960,BATT-R,134.00,raw,,-55,99
2013-10-23 11:10:56,R2640,Proto,496960,BATT-R,134.00,raw,,-55,99
2013-10-23 11:10:56,R2641,Proto,497726,BATT-V,4.75,volts,,-54,99
2013-10-23 11:10:56,R2641,Proto,497726,BATT-V,4.75,volts,,-55,99
2013-10-23 11:10:56,R2641,Proto,497726,BATT-V,4.75,volts,,-55,99
2013-10-23 11:10:56,R2642,Proto,497986,DUM,3.14,na,,-55,99
2013-10-23 11:10:56,R2643,Proto,498072,LUX,97.00,lux,,-55,99
2013-10-23 11:10:56,R2644,Proto,498112,LUX-Broad,163.00,rawb,,-55,99
2013-10-23 11:10:57,R2644,Proto,498112,LUX-Broad,163.00,rawb,,-55,99
2013-10-23 11:10:57,R2645,Proto,498194,LUX-Infra,44.00,rawi,,-54,99
2013-10-23 11:10:57,R720,Mote1,545913,BATT-R,248.00,raw,,-61,81
2013-10-23 11:10:57,R2646,Proto,498317,BMP-Temp,22.81,C,,-54,99
2013-10-23 11:10:57,R721,Mote1,546034,BATT-V,8.80,volts,,-60,81
2013-10-23 11:10:57,R721,Mote1,546034,BATT-V,8.80,volts,,-61,81
2013-10-23 11:10:57,R2647,Proto,498439,BMP-Pressure,100315.00,Pa,,-55,99
2013-10-23 11:10:57,R722,Mote1,546121,LUX-FLT,1845.00,lux,,-59,81
2013-10-23 11:10:57,R2648,Proto,498544,MDWIND,731.00,raw,,-54,99
2013-10-23 11:10:57,R723,Mote1,546216,LUX-FLT-Broad,318.00,rawb,,-61,81
2013-10-23 11:10:57,R724,Mote1,546327,LUX-FLT-Infra,130.00,rawi,,-62,81
2013-10-23 11:10:57,R725,Mote1,546415,LUX-LOW,2653.00,lux,,-62,81
2013-10-23 11:10:57,R725,Mote1,546415,LUX-LOW,2653.00,lux,,-62,81
2013-10-23 11:10:57,R726,Mote1,546503,LUX-LOW-Broad,455.00,rawb,,-61,81
2013-10-23 11:10:57,R726,Mote1,546503,LUX-LOW-Broad,455.00,rawb,,-62,81
2013-10-23 11:10:57,R727,Mote1,546578,LUX-LOW-Infra,187.00,rawi,,-61,81
2013-10-23 11:10:58,R2649,Proto,499425,Dallas,22.88,C,,-56,99
2013-10-23 11:10:58,R2650,Proto,499486,BATT-R,134.00,raw,,-55,99
2013-10-23 11:10:58,R2650,Proto,499486,BATT-R,134.00,raw,,-56,99
2013-10-23 11:10:58,R2651,Proto,499566,BATT-V,4.75,volts,,-55,99
2013-10-23 11:10:58,R2652,Proto,499637,DUM,3.14,na,,-55,99
2013-10-23 11:10:58,R2653,Proto,499677,LUX,97.00,lux,,-56,99
2013-10-23 11:10:58,R2653,Proto,499677,LUX,97.00,lux,,-55,99
2013-10-23 11:10:58,R2654,Proto,499895,LUX-Broad,163.00,rawb,,-57,99
2013-10-23 11:10:58,R2654,Proto,499895,LUX-Broad,163.00,rawb,,-56,99
2013-10-23 11:10:58,R2655,Proto,499968,LUX-Infra,44.00,rawi,,-55,99
2013-10-23 11:10:59,R2655,Proto,499968,LUX-Infra,44.00,rawi,,-56,99
2013-10-23 11:10:59,R2656,Proto,500198,BMP-Temp,22.82,C,,-55,99
2013-10-23 11:10:59,R2657,Proto,500602,BMP-Pressure,100308.00,Pa,,-55,99
2013-10-23 11:10:59,R2658,Proto,500644,MDWIND,735.00,raw,,-55,99
2013-10-23 11:11:00,R2659,Proto,501536,Dallas,22.88,C,,-56,99
2013-10-23 11:11:00,R2659,Proto,501536,Dallas,22.88,C,,-56,99
2013-10-23 11:11:00,R2660,Proto,501844,BATT-R,134.00,raw,,-56,99
2013-10-23 11:11:00,R2661,Proto,501869,BATT-V,4.75,volts,,-55,99
2013-10-23 11:11:00,R2662,Proto,501940,DUM,3.14,na,,-55,99
2013-10-23 11:11:00,R2663,Proto,501980,LUX,97.00,lux,,-57,99
2013-10-23 11:11:00,R2664,Proto,502020,LUX-Broad,163.00,rawb,,-56,99
2013-10-23 11:11:01,R2664,Proto,502020,LUX-Broad,163.00,rawb,,-56,99
2013-10-23 11:11:01,R2665,Proto,502801,LUX-Infra,44.00,rawi,,-55,99
2013-10-23 11:11:01,R2666,Proto,502886,BMP-Temp,22.81,C,,-56,99
2013-10-23 11:11:01,R2667,Proto,502944,BMP-Pressure,100316.00,Pa,,-57,99
2013-10-23 11:11:01,R2667,Proto,502944,BMP-Pressure,100316.00,Pa,,-56,99
2013-10-23 11:11:01,R2668,Proto,503114,MDWIND,705.00,raw,,-56,99
2013-10-23 11:11:02,R2668,Proto,503114,MDWIND,705.00,raw,,-56,99
2013-10-23 11:11:02,R2669,Proto,504002,Dallas,22.88,C,,-56,99
2013-10-23 11:11:02,R2669,Proto,504002,Dallas,22.88,C,,-56,99
2013-10-23 11:11:02,R2670,Proto,504085,BATT-R,134.00,raw,,-56,99
2013-10-23 11:11:02,R2670,Proto,504085,BATT-R,134.00,raw,,-55,99
2013-10-23 11:11:03,R2671,Proto,504159,BATT-V,4.75,volts,,-56,99
2013-10-23 11:11:03,R2672,Proto,504216,DUM,3.14,na,,-55,99
2013-10-23 11:11:03,R2673,Proto,504280,LUX,97.00,lux,,-56,99
2013-10-23 11:11:03,R2674,Proto,504321,LUX-Broad,163.00,rawb,,-56,99
2013-10-23 11:11:03,R2674,Proto,504321,LUX-Broad,163.00,rawb,,-56,99
2013-10-23 11:11:03,R2674,Proto,504321,LUX-Broad,163.00,rawb,,-56,99
2013-10-23 11:11:03,R2675,Proto,504741,LUX-Infra,44.00,rawi,,-56,99
2013-10-23 11:11:03,R2676,Proto,504819,BMP-Temp,22.81,C,,-56,99
2013-10-23 11:11:03,R2676,Proto,504819,BMP-Temp,22.81,C,,-56,99
2013-10-23 11:11:03,R2677,Proto,504977,BMP-Pressure,100308.00,Pa,,-56,99
2013-10-23 11:11:03,R2677,Proto,504977,BMP-Pressure,100308.00,Pa,,-56,99
2013-10-23 11:11:04,R2678,Proto,505126,MDWIND,698.00,raw,,-56,99
2013-10-23 11:11:04,R2678,Proto,505126,MDWIND,698.00,raw,,-56,99
2013-10-23 11:11:04,R729,Mote1,552543,BATT-R,248.00,raw,,-59,81
2013-10-23 11:11:04,R730,Mote1,552621,BATT-V,8.80,volts,,-60,81
2013-10-23 11:11:04,R730,Mote1,552621,BATT-V,8.80,volts,,-90,81
2013-10-23 11:11:04,R731,Mote1,552708,LUX-FLT,1832.00,lux,,-59,81
2013-10-23 11:11:04,R732,Mote1,552749,LUX-FLT-Broad,314.00,rawb,,-59,81
2013-10-23 11:11:04,R732,Mote1,552749,LUX-FLT-Broad,314.00,rawb,,-91,81
2013-10-23 11:11:04,R733,Mote1,552822,LUX-FLT-Infra,129.00,rawi,,-60,81
2013-10-23 11:11:04,R734,Mote1,552912,LUX-LOW,2593.00,lux,,-60,81
2013-10-23 11:11:04,R734,Mote1,552912,LUX-LOW,2593.00,lux,,-59,81
2013-10-23 11:11:04,R735,Mote1,553000,LUX-LOW-Broad,450.00,rawb,,-59,81
2013-10-23 11:11:04,R735,Mote1,553000,LUX-LOW-Broad,450.00,rawb,,-60,81
2013-10-23 11:11:04,R736,Mote1,553074,LUX-LOW-Infra,186.00,rawi,,-95,81
2013-10-23 11:11:04,R2679,Proto,506127,Dallas,22.88,C,,-55,99
2013-10-23 11:11:05,R2680,Proto,506184,BATT-R,135.00,raw,,-56,99
2013-10-23 11:11:05,R2680,Proto,506184,BATT-R,135.00,raw,,-55,99
2013-10-23 11:11:05,R2681,Proto,506258,BATT-V,4.79,volts,,-55,99
2013-10-23 11:11:05,R2681,Proto,506258,BATT-V,4.79,volts,,-56,99
2013-10-23 11:11:05,R2682,Proto,506374,DUM,3.14,na,,-92,99
2013-10-23 11:11:05,R2683,Proto,506460,LUX,97.00,lux,,-56,99
2013-10-23 11:11:05,R2684,Proto,506501,LUX-Broad,163.00,rawb,,-56,99
2013-10-23 11:11:05,R2684,Proto,506501,LUX-Broad,163.00,rawb,,-56,99
2013-10-23 11:11:05,R2685,Proto,506582,LUX-Infra,44.00,rawi,,-55,99
2013-10-23 11:11:05,R2685,Proto,506582,LUX-Infra,44.00,rawi,,-56,99
2013-10-23 11:11:05,R2686,Proto,506745,BMP-Temp,22.81,C,,-56,99
2013-10-23 11:11:05,R737,Mote1,553958,Dallas,21.94,C,,-59,81
2013-10-23 11:11:05,R2686,Proto,506745,BMP-Temp,22.81,C,,-57,99
2013-10-23 11:11:05,R2687,Proto,506986,BMP-Pressure,100312.00,Pa,,-56,99
2013-10-23 11:11:05,R2687,Proto,506986,BMP-Pressure,100312.00,Pa,,-57,99
2013-10-23 11:11:06,R2687,Proto,506986,BMP-Pressure,100312.00,Pa,,-56,99
2013-10-23 11:11:06,R2688,Proto,507201,MDWIND,682.00,raw,,-56,99
2013-10-23 11:11:06,R2689,Proto,508082,Dallas,22.81,C,,-56,99
2013-10-23 11:11:06,R2690,Proto,508109,BATT-R,134.00,raw,,-56,99
2013-10-23 11:11:06,R2691,Proto,508134,BATT-V,4.75,volts,,-55,99
2013-10-23 11:11:07,R2692,Proto,508183,DUM,3.14,na,,-55,99
2013-10-23 11:11:07,R2693,Proto,508244,LUX,98.00,lux,,-56,99
2013-10-23 11:11:07,R2694,Proto,508284,LUX-Broad,162.00,rawb,,-56,99
2013-10-23 11:11:07,R2694,Proto,508284,LUX-Broad,162.00,rawb,,-57,99
2013-10-23 11:11:07,R2694,Proto,508284,LUX-Broad,162.00,rawb,,-57,99
2013-10-23 11:11:07,R2695,Proto,508636,LUX-Infra,43.00,rawi,,-56,99
2013-10-23 11:11:07,R2696,Proto,508715,BMP-Temp,22.81,C,,-56,99
2013-10-23 11:11:07,R2696,Proto,508715,BMP-Temp,22.81,C,,-56,99
2013-10-23 11:11:07,R2697,Proto,508819,BMP-Pressure,100310.00,Pa,,-57,99
2013-10-23 11:11:07,R2697,Proto,508819,BMP-Pressure,100310.00,Pa,,-56,99
2013-10-23 11:11:07,R2698,Proto,508892,MDWIND,708.00,raw,,-56,99
2013-10-23 11:11:07,R2698,Proto,508892,MDWIND,708.00,raw,,-56,99
2013-10-23 11:11:08,R2699,Proto,509932,Dallas,22.81,C,,-56,99
2013-10-23 11:11:08,R2700,Proto,509960,BATT-R,134.00,raw,,-56,99
2013-10-23 11:11:08,R2701,Proto,510031,BATT-V,4.75,volts,,-57,99
2013-10-23 11:11:08,R2702,Proto,510056,DUM,3.14,na,,-56,99
2013-10-23 11:11:08,R2703,Proto,510118,LUX,98.00,lux,,-56,99
2013-10-23 11:11:09,R2704,Proto,510159,LUX-Broad,163.00,rawb,,-56,99
2013-10-23 11:11:09,R2704,Proto,510159,LUX-Broad,163.00,rawb,,-56,99
2013-10-23 11:11:09,R2705,Proto,510560,LUX-Infra,43.00,rawi,,-56,99
2013-10-23 11:11:09,R2705,Proto,510560,LUX-Infra,43.00,rawi,,-56,99
2013-10-23 11:11:09,R2706,Proto,510646,BMP-Temp,22.82,C,,-56,99
2013-10-23 11:11:09,R2707,Proto,510704,BMP-Pressure,100306.00,Pa,,-56,99
2013-10-23 11:11:09,R2707,Proto,510704,BMP-Pressure,100306.00,Pa,,-56,99
2013-10-23 11:11:09,R2708,Proto,510786,MDWIND,688.00,raw,,-55,99
2013-10-23 11:11:10,R2709,Proto,511644,Dallas,22.81,C,,-57,99
2013-10-23 11:11:10,R2709,Proto,511644,Dallas,22.81,C,,-57,99
2013-10-23 11:11:10,R2710,Proto,511725,BATT-R,134.00,raw,,-57,99
2013-10-23 11:11:10,R2710,Proto,511725,BATT-R,134.00,raw,,-57,99
2013-10-23 11:11:10,R2711,Proto,511784,BATT-V,4.75,volts,,-56,99
2013-10-23 11:11:10,R2711,Proto,511784,BATT-V,4.75,volts,,-57,99
2013-10-23 11:11:11,R2712,Proto,512181,DUM,3.14,na,,-56,99
2013-10-23 11:11:11,R2713,Proto,512244,LUX,97.00,lux,,-57,99
2013-10-23 11:11:11,R2713,Proto,512244,LUX,97.00,lux,,-56,99
2013-10-23 11:11:11,R2714,Proto,512330,LUX-Broad,161.00,rawb,,-56,99
2013-10-23 11:11:11,R2714,Proto,512330,LUX-Broad,161.00,rawb,,-56,99
2013-10-23 11:11:11,R2715,Proto,512403,LUX-Infra,43.00,rawi,,-56,99
2013-10-23 11:11:11,R2716,Proto,512457,BMP-Temp,22.81,C,,-57,99
2013-10-23 11:11:11,R738,Mote1,559051,BATT-R,248.00,raw,,-59,81
2013-10-23 11:11:11,R739,Mote1,559124,BATT-V,8.80,volts,,-60,81
2013-10-23 11:11:11,R2717,Proto,512570,BMP-Pressure,100314.00,Pa,,-57,99
2013-10-23 11:11:11,R2718,Proto,512651,MDWIND,702.00,raw,,-56,99
2013-10-23 11:11:11,R740,Mote1,559210,LUX-FLT,1832.00,lux,,-58,81
2013-10-23 11:11:11,R741,Mote1,559320,LUX-FLT-Broad,314.00,rawb,,-58,81
2013-10-23 11:11:11,R741,Mote1,559320,LUX-FLT-Broad,314.00,rawb,,-60,81
2013-10-23 11:11:11,R742,Mote1,559392,LUX-FLT-Infra,129.00,rawi,,-60,81
2013-10-23 11:11:11,R743,Mote1,559481,LUX-LOW,2598.00,lux,,-60,81
2013-10-23 11:11:11,R744,Mote1,559522,LUX-LOW-Broad,447.00,rawb,,-58,81
2013-10-23 11:11:11,R744,Mote1,559522,LUX-LOW-Broad,447.00,rawb,,-59,81
2013-10-23 11:11:11,R745,Mote1,559596,LUX-LOW-Infra,184.00,rawi,,-60,81
2013-10-23 11:11:12,R2719,Proto,513536,Dallas,22.88,C,,-55,99
2013-10-23 11:11:12,R2720,Proto,513592,BATT-R,135.00,raw,,-56,99
2013-10-23 11:11:12,R2721,Proto,513616,BATT-V,4.79,volts,,-55,99
2013-10-23 11:11:12,R2722,Proto,513696,DUM,3.14,na,,-56,99
2013-10-23 11:11:12,R2722,Proto,513696,DUM,3.14,na,,-56,99
2013-10-23 11:11:12,R2723,Proto,513771,LUX,98.00,lux,,-56,99
2013-10-23 11:11:12,R2723,Proto,513771,LUX,98.00,lux,,-56,99
2013-10-23 11:11:12,R2724,Proto,513866,LUX-Broad,162.00,rawb,,-56,99
2013-10-23 11:11:12,R2724,Proto,513866,LUX-Broad,162.00,rawb,,-56,99
2013-10-23 11:11:13,R2725,Proto,513969,LUX-Infra,43.00,rawi,,-56,99
2013-10-23 11:11:13,R2725,Proto,513969,LUX-Infra,43.00,rawi,,-56,99
2013-10-23 11:11:13,R2725,Proto,513969,LUX-Infra,43.00,rawi,,-56,99
2013-10-23 11:11:13,R2726,Proto,514681,BMP-Temp,22.82,C,,-56,99
2013-10-23 11:11:13,R2726,Proto,514681,BMP-Temp,22.82,C,,-56,99
2013-10-23 11:11:13,R2727,Proto,514952,BMP-Pressure,100315.00,Pa,,-56,99
2013-10-23 11:11:13,R2727,Proto,514952,BMP-Pressure,100315.00,Pa,,-56,99
2013-10-23 11:11:13,R2728,Proto,515033,MDWIND,694.00,raw,,-55,99
2013-10-23 11:11:13,R2728,Proto,515033,MDWIND,694.00,raw,,-56,99
2013-10-23 11:11:14,R2729,Proto,515968,Dallas,22.81,C,,-56,99
2013-10-23 11:11:14,R2730,Proto,515995,BATT-R,135.00,raw,,-56,99
2013-10-23 11:11:14,R2730,Proto,515995,BATT-R,135.00,raw,,-56,99
2013-10-23 11:11:15,R2731,Proto,516193,BATT-V,4.79,volts,,-56,99
2013-10-23 11:11:15,R2732,Proto,516247,DUM,3.14,na,,-55,99
2013-10-23 11:11:15,R2733,Proto,516308,LUX,98.00,lux,,-56,99
2013-10-23 11:11:15,R2734,Proto,516348,LUX-Broad,162.00,rawb,,-56,99
2013-10-23 11:11:15,R2734,Proto,516348,LUX-Broad,162.00,rawb,,-56,99
2013-10-23 11:11:15,R2735,Proto,516430,LUX-Infra,43.00,rawi,,-55,99
2013-10-23 11:11:15,R2735,Proto,516430,LUX-Infra,43.00,rawi,,-56,99
2013-10-23 11:11:15,R2736,Proto,516694,BMP-Temp,22.79,C,,-56,99
2013-10-23 11:11:15,R2736,Proto,516694,BMP-Temp,22.79,C,,-56,99
2013-10-23 11:11:15,R2737,Proto,516840,BMP-Pressure,100314.00,Pa,,-56,99
2013-10-23 11:11:15,R2737,Proto,516840,BMP-Pressure,100314.00,Pa,,-55,99
2013-10-23 11:11:15,R2738,Proto,516913,MDWIND,666.00,raw,,-56,99
2013-10-23 11:11:16,R2738,Proto,516913,MDWIND,666.00,raw,,-55,99
2013-10-23 11:11:16,R2739,Proto,517999,Dallas,22.81,C,,-56,99
2013-10-23 11:11:16,R2739,Proto,517999,Dallas,22.81,C,,-55,99
2013-10-23 11:11:16,R2740,Proto,518078,BATT-R,135.00,raw,,-56,99
2013-10-23 11:11:16,R2740,Proto,518078,BATT-R,135.00,raw,,-54,99
2013-10-23 11:11:17,R2741,Proto,518150,BATT-V,4.79,volts,,-55,99
2013-10-23 11:11:17,R2741,Proto,518150,BATT-V,4.79,volts,,-56,99
2013-10-23 11:11:17,R2742,Proto,518383,DUM,3.14,na,,-56,99
2013-10-23 11:11:17,R2743,Proto,518472,LUX,98.00,lux,,-56,99
2013-10-23 11:11:17,R2743,Proto,518472,LUX,98.00,lux,,-54,99
2013-10-23 11:11:17,R2744,Proto,518557,LUX-Broad,161.00,rawb,,-56,99
2013-10-23 11:11:17,R2744,Proto,518557,LUX-Broad,161.00,rawb,,-56,99
2013-10-23 11:11:17,R2744,Proto,518557,LUX-Broad,161.00,rawb,,-56,99
2013-10-23 11:11:17,R2745,Proto,518977,LUX-Infra,43.00,rawi,,-56,99
2013-10-23 11:11:17,R2746,Proto,519031,BMP-Temp,22.81,C,,-56,99
2013-10-23 11:11:17,R2746,Proto,519031,BMP-Temp,22.81,C,,-56,99
2013-10-23 11:11:18,R2747,Proto,519192,BMP-Pressure,100318.00,Pa,,-56,99
2013-10-23 11:11:18,R2747,Proto,519192,BMP-Pressure,100318.00,Pa,,-57,99
2013-10-23 11:11:18,R2748,Proto,519303,MDWIND,680.00,raw,,-55,99
2013-10-23 11:11:18,R747,Mote1,565557,BATT-R,248.00,raw,,-91,81
2013-10-23 11:11:18,R748,Mote1,565605,BATT-V,8.80,volts,,-60,81
2013-10-23 11:11:18,R749,Mote1,565669,LUX-FLT,1826.00,lux,,-59,81
2013-10-23 11:11:18,R749,Mote1,565669,LUX-FLT,1826.00,lux,,-59,81
2013-10-23 11:11:18,R750,Mote1,565757,LUX-FLT-Broad,312.00,rawb,,-58,81
2013-10-23 11:11:18,R750,Mote1,565757,LUX-FLT-Broad,312.00,rawb,,-58,81
2013-10-23 11:11:18,R751,Mote1,565936,LUX-FLT-Infra,128.00,rawi,,-58,81
2013-10-23 11:11:18,R751,Mote1,565936,LUX-FLT-Infra,128.00,rawi,,-59,81
2013-10-23 11:11:18,R752,Mote1,566024,LUX-LOW,2574.00,lux,,-58,81
2013-10-23 11:11:18,R752,Mote1,566024,LUX-LOW,2574.00,lux,,-58,81
2013-10-23 11:11:18,R753,Mote1,566113,LUX-LOW-Broad,444.00,rawb,,-59,81
2013-10-23 11:11:18,R753,Mote1,566113,LUX-LOW-Broad,444.00,rawb,,-60,81
2013-10-23 11:11:19,R754,Mote1,566187,LUX-LOW-Infra,183.00,rawi,,-59,81
2013-10-23 11:11:19,R2750,Proto,520273,BATT-R,135.00,raw,,-55,99
2013-10-23 11:11:19,R2751,Proto,520298,BATT-V,4.79,volts,,-56,99
2013-10-23 11:11:19,R2752,Proto,520346,DUM,3.14,na,,-56,99
2013-10-23 11:11:19,R2753,Proto,520432,LUX,99.00,lux,,-56,99
2013-10-23 11:11:19,R2753,Proto,520432,LUX,99.00,lux,,-55,99
2013-10-23 11:11:19,R2754,Proto,520519,LUX-Broad,163.00,rawb,,-89,99
2013-10-23 11:11:19,R2755,Proto,520557,LUX-Infra,43.00,rawi,,-55,99
2013-10-23 11:11:19,R2755,Proto,520557,LUX-Infra,43.00,rawi,,-56,99
2013-10-23 11:11:19,R2756,Proto,520668,BMP-Temp,22.79,C,,-56,99
2013-10-23 11:11:19,R755,Mote1,567079,Dallas,21.88,C,,-58,81
2013-10-23 11:11:20,R2757,Proto,521165,BMP-Pressure,100310.00,Pa,,-57,99
2013-10-23 11:11:20,R2758,Proto,521247,MDWIND,708.00,raw,,-56,99
2013-10-23 11:11:20,R2758,Proto,521247,MDWIND,708.00,raw,,-56,99
2013-10-23 11:11:20,R2759,Proto,522140,Dallas,22.81,C,,-57,99
2013-10-23 11:11:21,R2760,Proto,522216,BATT-R,134.00,raw,,-56,99
2013-10-23 11:11:21,R2760,Proto,522216,BATT-R,134.00,raw,,-56,99
2013-10-23 11:11:21,R2760,Proto,522216,BATT-R,134.00,raw,,-56,99
2013-10-23 11:11:21,R2761,Proto,522426,BATT-V,4.75,volts,,-57,99
2013-10-23 11:11:21,R2762,Proto,522498,DUM,3.14,na,,-56,99
2013-10-23 11:11:21,R2763,Proto,522587,LUX,99.00,lux,,-56,99
2013-10-23 11:11:21,R2764,Proto,522628,LUX-Broad,162.00,rawb,,-57,99
2013-10-23 11:11:21,R2764,Proto,522628,LUX-Broad,162.00,rawb,,-57,99
2013-10-23 11:11:21,R2765,Proto,522699,LUX-Infra,43.00,rawi,,-57,99
2013-10-23 11:11:21,R2766,Proto,522778,BMP-Temp,22.79,C,,-57,99
2013-10-23 11:11:21,R2766,Proto,522778,BMP-Temp,22.79,C,,-57,99
2013-10-23 11:11:21,R2767,Proto,522883,BMP-Pressure,100315.00,Pa,,-57,99
2013-10-23 11:11:21,R2767,Proto,522883,BMP-Pressure,100315.00,Pa,,-56,99
2013-10-23 11:11:21,R2768,Proto,522955,MDWIND,696.00,raw,,-58,99
2013-10-23 11:11:22,R2769,Proto,523813,Dallas,22.81,C,,-57,99
2013-10-23 11:11:22,R2770,Proto,523841,BATT-R,135.00,raw,,-57,99
2013-10-23 11:11:22,R2771,Proto,523892,BATT-V,4.79,volts,,-55,99
2013-10-23 11:11:22,R2772,Proto,523940,DUM,3.14,na,,-55,99
2013-10-23 11:11:22,R2773,Proto,524003,LUX,98.00,lux,,-56,99
2013-10-23 11:11:22,R2774,Proto,524043,LUX-Broad,162.00,rawb,,-56,99
2013-10-23 11:11:22,R2774,Proto,524043,LUX-Broad,162.00,rawb,,-56,99
2013-10-23 11:11:23,R2775,Proto,524115,LUX-Infra,43.00,rawi,,-56,99
2013-10-23 11:11:23,R2776,Proto,524193,BMP-Temp,22.79,C,,-56,99
2013-10-23 11:11:23,R2777,Proto,524253,BMP-Pressure,100307.00,Pa,,-56,99
2013-10-23 11:11:23,R2777,Proto,524253,BMP-Pressure,100307.00,Pa,,-56,99
2013-10-23 11:11:23,R2778,Proto,524334,MDWIND,687.00,raw,,-56,99
2013-10-23 11:11:24,R2779,Proto,525215,Dallas,22.81,C,,-55,99
2013-10-23 11:11:24,R2779,Proto,525215,Dallas,22.81,C,,-56,99
2013-10-23 11:11:24,R2780,Proto,525295,BATT-R,134.00,raw,,-56,99
2013-10-23 11:11:24,R2780,Proto,525295,BATT-R,134.00,raw,,-56,99
2013-10-23 11:11:24,R2781,Proto,525435,BATT-V,4.75,volts,,-56,99
2013-10-23 11:11:24,R2782,Proto,525460,DUM,3.14,na,,-55,99
2013-10-23 11:11:24,R2783,Proto,525521,LUX,97.00,lux,,-57,99
2013-10-23 11:11:24,R2784,Proto,525562,LUX-Broad,161.00,rawb,,-57,99
2013-10-23 11:11:24,R2785,Proto,525588,LUX-Infra,43.00,rawi,,-56,99
2013-10-23 11:11:24,R2786,Proto,525666,BMP-Temp,22.81,C,,-56,99
2013-10-23 11:11:24,R2786,Proto,525666,BMP-Temp,22.81,C,,-56,99
2013-10-23 11:11:24,R2787,Proto,525779,BMP-Pressure,100307.00,Pa,,-57,99
2013-10-23 11:11:24,R2787,Proto,525779,BMP-Pressure,100307.00,Pa,,-56,99
2013-10-23 11:11:24,R2788,Proto,525852,MDWIND,707.00,raw,,-55,99
2013-10-23 11:11:25,R2789,Proto,526733,Dallas,22.81,C,,-54,99
2013-10-23 11:11:25,R756,Mote1,572252,BATT-R,248.00,raw,,-59,81
2013-10-23 11:11:25,R758,Mote1,572399,LUX-FLT,1837.00,lux,,-57,81
2013-10-23 11:11:25,R759,Mote1,572486,LUX-FLT-Broad,311.00,rawb,,-57,81
2013-10-23 11:11:25,R760,Mote1,572534,LUX-FLT-Infra,127.00,rawi,,-58,81
2013-10-23 11:11:25,R761,Mote1,572608,LUX-LOW,2574.00,lux,,-58,81
2013-10-23 11:11:26,R761,Mote1,572608,LUX-LOW,2574.00,lux,,-58,81
2013-10-23 11:11:26,R762,Mote1,572724,LUX-LOW-Broad,444.00,rawb,,-58,81
2013-10-23 11:11:26,R2794,Proto,527243,LUX-Broad,162.00,rawb,,-57,99
2013-10-23 11:11:26,R763,Mote1,572856,LUX-LOW-Infra,183.00,rawi,,-57,81
2013-10-23 11:11:26,R2795,Proto,527357,LUX-Infra,43.00,rawi,,-56,99
2013-10-23 11:11:26,R2796,Proto,527446,BMP-Temp,22.79,C,,-56,99
2013-10-23 11:11:26,R2797,Proto,527527,BMP-Pressure,100311.00,Pa,,-57,99
2013-10-23 11:11:26,R2797,Proto,527527,BMP-Pressure,100311.00,Pa,,-58,99
2013-10-23 11:11:26,R2798,Proto,527600,MDWIND,699.00,raw,,-56,99
2013-10-23 11:11:27,R764,Mote1,573705,Dallas,21.81,C,,-58,81
2013-10-23 11:11:27,R2799,Proto,528457,Dallas,22.88,C,,-57,99
2013-10-23 11:11:27,R2799,Proto,528457,Dallas,22.88,C,,-56,99
2013-10-23 11:11:27,R2800,Proto,528531,BATT-R,134.00,raw,,-57,99
2013-10-23 11:11:27,R2800,Proto,528531,BATT-R,134.00,raw,,-56,99
2013-10-23 11:11:27,R2801,Proto,528603,BATT-V,4.75,volts,,-56,99
2013-10-23 11:11:27,R2802,Proto,528675,DUM,3.14,na,,-56,99
2013-10-23 11:11:27,R2802,Proto,528675,DUM,3.14,na,,-56,99
2013-10-23 11:11:27,R2803,Proto,528762,LUX,97.00,lux,,-56,99
2013-10-23 11:11:27,R2804,Proto,528803,LUX-Broad,161.00,rawb,,-56,99
2013-10-23 11:11:27,R2804,Proto,528803,LUX-Broad,161.00,rawb,,-56,99
2013-10-23 11:11:27,R2805,Proto,528877,LUX-Infra,43.00,rawi,,-57,99
2013-10-23 11:11:27,R2806,Proto,528954,BMP-Temp,22.81,C,,-57,99
2013-10-23 11:11:27,R2807,Proto,529012,BMP-Pressure,100309.00,Pa,,-57,99
2013-10-23 11:11:27,R2807,Proto,529012,BMP-Pressure,100309.00,Pa,,-57,99
2013-10-23 11:11:28,R2808,Proto,529093,MDWIND,701.00,raw,,-57,99
2013-10-23 11:11:28,R2808,Proto,529093,MDWIND,701.00,raw,,-56,99
2013-10-23 11:11:29,R2809,Proto,530419,Dallas,22.81,C,,-57,99
2013-10-23 11:11:29,R2809,Proto,530419,Dallas,22.81,C,,-56,99
2013-10-23 11:11:29,R2810,Proto,530495,BATT-R,134.00,raw,,-57,99
2013-10-23 11:11:29,R2811,Proto,530566,BATT-V,4.75,volts,,-57,99
2013-10-23 11:11:29,R2811,Proto,530566,BATT-V,4.75,volts,,-57,99
2013-10-23 11:11:29,R2812,Proto,530637,DUM,3.14,na,,-58,99
